taxonID,isMarine,isFreshwater,isTerrestrial
OSRO042MZXSXTSV9RG,FALSE,FALSE,TRUE
OSRO06HBKE7IICC0Y8,FALSE,FALSE,TRUE
OSRO0C98CAJZANEOCF,FALSE,FALSE,TRUE
OSRO0HEITDLIV8A4TM,FALSE,FALSE,TRUE
OSRO0IEBZPZ7COGV47,FALSE,FALSE,TRUE
OSRO0QOGDITWVI8455,FALSE,FALSE,TRUE
OSRO0QVXTESXC0LB0O,FALSE,FALSE,TRUE
OSRO0R96ZHV6BE5EVT,FALSE,FALSE,TRUE
OSRO0ZZO54RBZHH1OM,FALSE,FALSE,TRUE
OSRO16JA99ZZHD9Z8C,FALSE,FALSE,TRUE
OSRO16TT85BD3JSWDY,FALSE,FALSE,TRUE
OSRO179BY8PHSNN8QN,FALSE,FALSE,TRUE
OSRO19WADEXPSP4CH6,FALSE,FALSE,TRUE
OSRO1HKBE5V1TRSI5J,FALSE,FALSE,TRUE
OSRO1L1CBAAQC8NB4F,FALSE,FALSE,TRUE
OSRO1RQQOU7R8UW4JR,FALSE,FALSE,TRUE
OSRO1YE47FWGDKURU9,FALSE,FALSE,TRUE
OSRO23QIS0BUI2W67Z,FALSE,FALSE,TRUE
OSRO2GLIBTUDL438WL,FALSE,FALSE,TRUE
OSRO2M7MNXQSXP9LA8,FALSE,FALSE,TRUE
OSRO2P7PCOQDR8K505,FALSE,FALSE,TRUE
OSRO2UNKRE4CUKDLE2,FALSE,TRUE,FALSE
OSRO2W9FSJXAGSFTCS,FALSE,FALSE,TRUE
OSRO2YOOZ6PEDAHMC2,FALSE,FALSE,TRUE
OSRO31I3PKELL55WXM,FALSE,FALSE,TRUE
OSRO36ZCMWXEYGAZWE,FALSE,FALSE,TRUE
OSRO3IMX2M9EXUJFQ8,FALSE,FALSE,TRUE
OSRO3NMJDZ453AUHGV,FALSE,FALSE,TRUE
OSRO3R9Z85V0NQ81IG,FALSE,FALSE,TRUE
OSRO3TYQZQ9M33EIRH,FALSE,FALSE,TRUE
OSRO40ID6QLHECS4GY,FALSE,FALSE,TRUE
OSRO471V96WYAOLQ52,FALSE,FALSE,TRUE
OSRO4FEBG7OFRLIC06,FALSE,FALSE,TRUE
OSRO4HM8B4Q9KKF126,FALSE,FALSE,TRUE
OSRO4KUE8SBSK5KB4Y,FALSE,FALSE,TRUE
OSRO4NHFYPTWRV9WLK,FALSE,FALSE,TRUE
OSRO4NLSTRYITJH3YY,FALSE,FALSE,TRUE
OSRO4S4LF5PVBH1SLN,FALSE,FALSE,TRUE
OSRO4TLT6QHZTANYXG,FALSE,FALSE,TRUE
OSRO4UFGLHY5KFYB51,FALSE,FALSE,TRUE
OSRO4WE3U6XUINFUDX,FALSE,FALSE,TRUE
OSRO52DGBKWQ43HB4L,FALSE,FALSE,TRUE
OSRO54KXGZPAF5P8ZQ,FALSE,FALSE,TRUE
OSRO54Q5N6G9M1FU6V,FALSE,FALSE,TRUE
OSRO54WUAB7ND81249,FALSE,FALSE,TRUE
OSRO55MSUJ5E9ED82G,FALSE,FALSE,TRUE
OSRO57KH11YUFTDORM,FALSE,FALSE,TRUE
OSRO5BV1AENTD9S928,FALSE,FALSE,TRUE
OSRO5E568JW8S4TOMS,FALSE,FALSE,TRUE
OSRO5HUPFTQTGOVQB0,FALSE,FALSE,TRUE
OSRO5RFCIPJQXGY4MC,FALSE,FALSE,TRUE
OSRO5SFFYQ1Y7R6BNH,FALSE,FALSE,TRUE
OSRO5SLXBFHXUBKNK0,FALSE,FALSE,TRUE
OSRO5ULRC8D1XX7Y34,FALSE,FALSE,TRUE
OSRO5XRYW6XFVKMU0R,FALSE,FALSE,TRUE
OSRO5YMEN6EOTXHS9L,FALSE,FALSE,TRUE
OSRO5ZLLYF6LOYBNN7,FALSE,FALSE,TRUE
OSRO616TX6YMLZT6QQ,FALSE,FALSE,TRUE
OSRO65EYAW6CRLG8PN,FALSE,TRUE,TRUE
OSRO6DH50WYJZCN2I1,FALSE,FALSE,TRUE
OSRO6DY601ZMV25LOY,FALSE,FALSE,TRUE
OSRO6H1D97PGJDXXWG,FALSE,FALSE,TRUE
OSRO6JD67FYL2N8UBU,FALSE,FALSE,TRUE
OSRO6K6KQD2OAMVH3B,FALSE,FALSE,TRUE
OSRO6KJ59ATG0F2RJC,FALSE,TRUE,TRUE
OSRO6MGKW3KZTXA9BI,FALSE,FALSE,TRUE
OSRO6RDTQTQS0UJR4E,FALSE,FALSE,TRUE
OSRO6VYXK1H61MQ4OL,FALSE,FALSE,TRUE
OSRO6WP2HJVAUMC7BV,FALSE,FALSE,TRUE
OSRO782S643JEJESF2,FALSE,FALSE,TRUE
OSRO7DASEZO321WIXS,FALSE,FALSE,TRUE
OSRO7G7F6K3I6E2KA3,FALSE,FALSE,TRUE
OSRO7G7VCILDQ4R9AB,FALSE,FALSE,TRUE
OSRO7MPUSNQX6M1ZVA,FALSE,FALSE,TRUE
OSRO7O0LZT6Z7WA47I,FALSE,FALSE,TRUE
OSRO7XHSPDRR7ESDGP,FALSE,FALSE,TRUE
OSRO7YJXSAOERC5XAG,FALSE,FALSE,TRUE
OSRO8AYFEHYQUIX2NF,FALSE,FALSE,TRUE
OSRO8E3O9SZ7B1CUIA,FALSE,FALSE,TRUE
OSRO8H0XF1H4CQBN01,FALSE,FALSE,TRUE
OSRO8MMF2KQOANY06T,FALSE,FALSE,TRUE
OSRO8V8UWKNUFY2NTF,FALSE,FALSE,TRUE
OSRO8YIFCKTECRN4T0,FALSE,TRUE,FALSE
OSRO9CPXAE9BK4Y6KS,FALSE,FALSE,TRUE
OSRO9GCBK3506R6861,FALSE,FALSE,TRUE
OSRO9HJ0BZSI5TO779,FALSE,FALSE,TRUE
OSRO9I9G273SG52HNK,FALSE,FALSE,TRUE
OSRO9RJM63K44K76IV,FALSE,FALSE,TRUE
OSRO9XXJP0WVY5LKP8,FALSE,FALSE,TRUE
OSRO9YYMFF6DF9JOP8,FALSE,FALSE,TRUE
OSRO9ZAV2ZOYIEUFQ8,FALSE,FALSE,TRUE
OSROA5OEC9G91MD72R,FALSE,FALSE,TRUE
OSROA5RHWNAOKJYE7V,FALSE,FALSE,TRUE
OSROAGFY9OLC8RSEUA,FALSE,FALSE,TRUE
OSROATSNMN0TSGBSRH,FALSE,FALSE,TRUE
OSROAYGD1QEYON5PVC,FALSE,FALSE,TRUE
OSROB1FFTJ170933QM,FALSE,FALSE,TRUE
OSROB46QBQ8HBO5KNG,FALSE,FALSE,TRUE
OSROB7MIHOEP4AZLMI,FALSE,FALSE,TRUE
OSROBA4I5BQS24BI7W,FALSE,FALSE,TRUE
OSROBF6U57224KMHV8,FALSE,FALSE,TRUE
OSROBGHCH5W8PIG2OB,FALSE,FALSE,TRUE
OSROBJFKVJ1NZZBYAK,FALSE,FALSE,TRUE
OSROBLMGNQUFJ76461,FALSE,FALSE,TRUE
OSROBQRLXBIOKCCSCK,FALSE,FALSE,TRUE
OSROBTZNK7THS887YB,FALSE,FALSE,TRUE
OSROBWYPLZ91M70GM0,FALSE,FALSE,TRUE
OSROBX0FFX8SKFTHRM,FALSE,FALSE,TRUE
OSROC2H1BRYJPTENCY,FALSE,FALSE,TRUE
OSROC5QAUZM1O6EVBE,FALSE,FALSE,TRUE
OSROCBUHPNDETJ6L4S,FALSE,FALSE,TRUE
OSROCC7PTMQOTVR5VO,FALSE,FALSE,TRUE
OSROCTSUKT8DQZCYSW,FALSE,FALSE,TRUE
OSROCVFYN8868A5ZLJ,FALSE,FALSE,TRUE
OSROCZTTH4H6DCY7UF,FALSE,FALSE,TRUE
OSROD2IEI14J3QPSBK,FALSE,FALSE,TRUE
OSROD3QRLGIRFR7K0W,FALSE,FALSE,TRUE
OSROD89I4YNF23BYVM,FALSE,FALSE,TRUE
OSRODCU1KMEAGL0DPG,FALSE,FALSE,TRUE
OSRODD2RHLJIC1KC3Y,FALSE,FALSE,TRUE
OSRODGDADJTBTKEE5O,FALSE,FALSE,TRUE
OSRODJ8P6RB7XNQ94C,FALSE,FALSE,TRUE
OSRODM0JHBISOEHBIF,FALSE,FALSE,TRUE
OSRODPYNO09BDCOFT5,FALSE,FALSE,TRUE
OSRODTIULTD4MPURUZ,FALSE,FALSE,TRUE
OSRODTPXEQJ23GE4DO,FALSE,FALSE,TRUE
OSRODUHKZXJD78JLTF,FALSE,FALSE,TRUE
OSRODY2QZLIXE5AV7T,FALSE,FALSE,TRUE
OSROE5E82ESX53FV5N,FALSE,FALSE,TRUE
OSROE7XPSQNMM8KEB3,FALSE,FALSE,TRUE
OSROEGBWWKJQZ3UTUS,FALSE,FALSE,TRUE
OSROEX6VI4L5ZY2ZV5,FALSE,FALSE,TRUE
OSROF6VKXQR1TQAMAT,FALSE,FALSE,TRUE
OSROF7D5QOWHQ54HUU,FALSE,FALSE,TRUE
OSROF9GPLEQDUB824B,FALSE,FALSE,TRUE
OSROFXVGMAUOV1ZTC7,FALSE,FALSE,TRUE
OSROG378UHH2LTGMGW,FALSE,FALSE,TRUE
OSROG7UQU3KSF1KF4R,FALSE,FALSE,TRUE
OSROGDW4KB0KWOAEKI,FALSE,FALSE,TRUE
OSROGFS84Y5C1JGSLB,FALSE,FALSE,TRUE
OSROGHKTJXS0CKU6OJ,FALSE,FALSE,TRUE
OSROGK5PNXM8BUI5PE,FALSE,TRUE,FALSE
OSROGLAY7UC8B1KO98,FALSE,FALSE,TRUE
OSROGUW7POIR60GZYH,FALSE,FALSE,TRUE
OSROGYS4Q9A44KRCGU,FALSE,FALSE,TRUE
OSROH7K0J6OIVU9ML8,FALSE,FALSE,TRUE
OSROH9300UG9TP9RD1,FALSE,FALSE,TRUE
OSROHARTHN5OTQOJX4,FALSE,FALSE,TRUE
OSROHDSEBRVK7SPTQZ,FALSE,FALSE,TRUE
OSROHHD72KNCJCH1PI,FALSE,FALSE,TRUE
OSROHK8VKDLT6WPT4J,FALSE,FALSE,TRUE
OSROHRGUWJLRDXCQ7A,FALSE,FALSE,TRUE
OSROHTM5KC0AS464QV,FALSE,FALSE,TRUE
OSROI085EZD0J374I6,FALSE,FALSE,TRUE
OSROI24YI3BGLG1PCB,FALSE,FALSE,TRUE
OSROIDPSG8LSQ4K8NV,FALSE,FALSE,TRUE
OSROIF5MCJTE5YJHHX,FALSE,FALSE,TRUE
OSROIGVHNV86AXU8WF,FALSE,FALSE,TRUE
OSROIIJ0WA2Y1AOHTI,FALSE,FALSE,TRUE
OSROIL1JEBX91LGBID,FALSE,FALSE,TRUE
OSROIL3I5PBBDO85E3,FALSE,FALSE,TRUE
OSROIR57HIT64EBW74,FALSE,FALSE,TRUE
OSROIWVYOAVR5DH8J1,FALSE,FALSE,TRUE
OSROIWZYGJ1UNQW0PP,FALSE,FALSE,TRUE
OSROJ7BSV29QS0SGDX,FALSE,TRUE,TRUE
OSROJHJ7MI6YO1DX8L,FALSE,FALSE,TRUE
OSROJMLTB9O81P5G7W,FALSE,FALSE,TRUE
OSROJP4VCOZEYTN790,FALSE,FALSE,TRUE
OSROJSLN0H4V13JFEX,FALSE,FALSE,TRUE
OSROK2LFYCJKWBOB1L,FALSE,FALSE,TRUE
OSROK533LZ7LFFL647,FALSE,TRUE,TRUE
OSROK98K5Y5LGZD9OH,FALSE,FALSE,TRUE
OSROKAPRDPTKVURMOP,FALSE,FALSE,TRUE
OSROKAPZH0ELRGYR3L,FALSE,FALSE,TRUE
OSROKTVZIIA06VIDEN,FALSE,FALSE,TRUE
OSROKW34TBR372NSHL,FALSE,FALSE,TRUE
OSROKZ8USE2B7DUQCT,FALSE,FALSE,TRUE
OSROL6YTJ9ZQOM7N77,FALSE,FALSE,TRUE
OSROLD0K3FP9QADMMQ,FALSE,FALSE,TRUE
OSROLN1ZBPWUPE31Q3,FALSE,FALSE,TRUE
OSROLO3GBMG3B3THCW,FALSE,FALSE,TRUE
OSROLO4O7VF9S5LDVI,FALSE,FALSE,TRUE
OSROLV6OTYTX8GVBC8,FALSE,FALSE,TRUE
OSROLV8O0LT150FJE3,FALSE,FALSE,TRUE
OSROLWGRZ6G7YTLF5Y,FALSE,FALSE,TRUE
OSROM15DYAZWY6B2IH,FALSE,FALSE,TRUE
OSROM8IYZB7MGXPSXW,FALSE,FALSE,TRUE
OSROM8KDWTDQPJNX3F,FALSE,FALSE,TRUE
OSROMKXPH9YKQLDKWL,FALSE,FALSE,TRUE
OSROMVV2A2JACUKL9H,FALSE,FALSE,TRUE
OSROMZPPIJWD4VW0BL,FALSE,FALSE,TRUE
OSRONEXYGP1AYCP6BQ,FALSE,FALSE,TRUE
OSRONHKHQHQPMX0ZHS,FALSE,FALSE,TRUE
OSRONN6YNWCDLCPWUA,FALSE,FALSE,TRUE
OSRONND6PCVYH1JLUA,FALSE,FALSE,TRUE
OSRONUO4PGR5NBV7DQ,FALSE,FALSE,TRUE
OSRONZE3NMZD3BC049,FALSE,FALSE,TRUE
OSROO0ZFQX24YW3FGM,FALSE,TRUE,TRUE
OSROO2G627YBVOK6M4,FALSE,FALSE,TRUE
OSROO3XSCYRQO1QZKG,FALSE,FALSE,TRUE
OSROOJAAZ9QK1Q3LUQ,FALSE,FALSE,TRUE
OSROOLN6S77S7G9XY2,FALSE,FALSE,TRUE
OSROOMCWV1PZ054SX1,FALSE,FALSE,TRUE
OSROOOBLRV0QWAN1F5,FALSE,FALSE,TRUE
OSROOS9MBCGWQ4PIIF,FALSE,FALSE,TRUE
OSROP1E2KZLGAX4UJX,FALSE,FALSE,TRUE
OSROP68F4IF4KITFSW,FALSE,FALSE,TRUE
OSROP6UQC9MM6KW3RJ,FALSE,FALSE,TRUE
OSROPA487XQDI3KNS7,FALSE,FALSE,TRUE
OSROPCQW3DOJHLO6Y4,FALSE,FALSE,TRUE
OSROPETCQY11CN7329,FALSE,FALSE,TRUE
OSROPFO2L45V8V9SOZ,FALSE,FALSE,TRUE
OSROPGYAFQJD3CZU0J,FALSE,FALSE,TRUE
OSROPLWNN1T0H3331U,FALSE,FALSE,TRUE
OSROPRR2YP6U08SK8U,FALSE,FALSE,TRUE
OSROPVI4L25O0BJEQ9,FALSE,FALSE,TRUE
OSROPW11F5XS2PG15H,FALSE,FALSE,TRUE
OSROQ11RY79EUSLKXG,FALSE,FALSE,TRUE
OSROQ69BTHSLN44TV7,FALSE,FALSE,TRUE
OSROQARIIZA4YYT8QL,FALSE,FALSE,TRUE
OSROQEQKMMB5P3YDIF,FALSE,FALSE,TRUE
OSROQI2CIP0UZY7WXJ,FALSE,FALSE,TRUE
OSROQLGIF3UZLZYRHT,FALSE,FALSE,TRUE
OSROQOWN80VEXZFR0B,FALSE,FALSE,TRUE
OSROQYIPDSITWKBYKS,FALSE,TRUE,FALSE
OSROQYN0RBJCBO4ERT,FALSE,FALSE,TRUE
OSROQZUQM4OS101P1T,FALSE,FALSE,TRUE
OSROR84U4592EYAIMW,FALSE,FALSE,TRUE
OSRORB0G5HS3SHV8W9,FALSE,FALSE,TRUE
OSRORBEJ6ERLB5BM1A,FALSE,FALSE,TRUE
OSRORC4CCS1LZDRM2R,FALSE,FALSE,TRUE
OSRORDH3PBZGF7DPXP,FALSE,FALSE,TRUE
OSRORMC1L34AOTY1I2,FALSE,FALSE,TRUE
OSRORNAZCPAIVO0999,FALSE,FALSE,TRUE
OSRORNR3E7F8M2D9W3,FALSE,FALSE,TRUE
OSRORQ96GSPRF8W440,FALSE,FALSE,TRUE
OSRORQLH8YJQLWS4Y7,FALSE,FALSE,TRUE
OSRORSMBI8HV3RXUH0,FALSE,FALSE,TRUE
OSRORY3QI77QR4J92J,FALSE,FALSE,TRUE
OSROSEOK2S0X5C0XRE,FALSE,FALSE,TRUE
OSROSRUADLGD4IKGG4,FALSE,FALSE,TRUE
OSROSX6RLI0ERKP90K,FALSE,FALSE,TRUE
OSROSXA81GFJZM2KZD,FALSE,FALSE,TRUE
OSROT1XMU2DRABFW9F,FALSE,TRUE,FALSE
OSROT49S7TTU7X22GB,FALSE,TRUE,FALSE
OSROT5LV25R2S0AWG3,FALSE,FALSE,TRUE
OSROT9ZRQ43010FEZG,FALSE,FALSE,TRUE
OSROTCWD25RNEVUF8W,FALSE,FALSE,TRUE
OSROTH0KABFL9SWVK0,FALSE,TRUE,FALSE
OSROTJVWNMPEQ9H9N4,FALSE,FALSE,TRUE
OSROTO5CS4U6IFS9IM,FALSE,FALSE,TRUE
OSROTQVTC1OPEVV86N,FALSE,FALSE,TRUE
OSROTZLTH26E65Y2W2,FALSE,FALSE,TRUE
OSROU3CF9CRX9E60PS,FALSE,FALSE,TRUE
OSROU4OBPJKEE9QM8S,FALSE,FALSE,TRUE
OSROU6H1M9ZAH4D0WB,FALSE,FALSE,TRUE
OSROU89L66AWFHAQYL,FALSE,FALSE,TRUE
OSROUCKL000365XLV0VBAW,FALSE,FALSE,TRUE
OSROUCKL00E02MI1CEL8MZ,FALSE,FALSE,TRUE
OSROUCKL00ENWQQ49VDQRR,TRUE,FALSE,FALSE
OSROUCKL00MGQ9M26MYBVB,FALSE,FALSE,TRUE
OSROUCKL040FXW4TILYC39,FALSE,FALSE,TRUE
OSROUCKL060LK5KLDV68VM,FALSE,FALSE,TRUE
OSROUCKL0BQYH0BUO40I36,FALSE,FALSE,TRUE
OSROUCKL0C9231FHCXZ3G3,FALSE,FALSE,TRUE
OSROUCKL0DOEEKPNU9NVTB,FALSE,FALSE,TRUE
OSROUCKL0G9PTAJUDGHHHC,FALSE,FALSE,TRUE
OSROUCKL0GVIZJFI7QAG8A,FALSE,FALSE,TRUE
OSROUCKL0J0AAV2LW5Y5ME,TRUE,FALSE,FALSE
OSROUCKL0MBJ3AH0AEJQJ5,FALSE,FALSE,TRUE
OSROUCKL0N6IUWMS2GZ3WO,FALSE,FALSE,TRUE
OSROUCKL0QA9DCIDCQR3US,FALSE,FALSE,TRUE
OSROUCKL0R6V7IBKCW46KD,FALSE,TRUE,TRUE
OSROUCKL0WVDKXBKOY01LC,FALSE,FALSE,TRUE
OSROUCKL0XQ0PWBUDJRFFI,FALSE,FALSE,TRUE
OSROUCKL0YIBE2M4MM5TAG,FALSE,FALSE,TRUE
OSROUCKL1047ZCSEC62Y2A,FALSE,TRUE,FALSE
OSROUCKL194QQ2M5S7TZCX,FALSE,TRUE,TRUE
OSROUCKL1DNT2VCJXGH369,FALSE,FALSE,TRUE
OSROUCKL1H5L7P7KLP6F2X,FALSE,FALSE,TRUE
OSROUCKL1KZHHMNANA8NEA,FALSE,FALSE,TRUE
OSROUCKL1O4WXW7Y0OE15G,FALSE,FALSE,TRUE
OSROUCKL1SGPOOEDS9FWR2,FALSE,FALSE,TRUE
OSROUCKL1SMK0Y8ITKVJEY,FALSE,TRUE,FALSE
OSROUCKL1SVJ2DZ2LZW0S9,FALSE,TRUE,FALSE
OSROUCKL1TPXXGPPZYF0YL,FALSE,FALSE,TRUE
OSROUCKL1V7WSW6RAIYO9Q,FALSE,FALSE,TRUE
OSROUCKL1VCZDFB84HH3OZ,FALSE,FALSE,TRUE
OSROUCKL23883WW2X5O2UB,TRUE,TRUE,FALSE
OSROUCKL26Z7LDZVIU3XNW,FALSE,FALSE,TRUE
OSROUCKL29RVUVP8OB35JW,TRUE,TRUE,FALSE
OSROUCKL2CDZZVZDHO63R0,FALSE,FALSE,TRUE
OSROUCKL2CYGKCPCQ6YM8G,FALSE,FALSE,TRUE
OSROUCKL2EMB5RDNP3Y9ZY,FALSE,FALSE,TRUE
OSROUCKL2FFKWYKBQDVJRQ,FALSE,FALSE,TRUE
OSROUCKL2HNHC188JJC3J8,FALSE,FALSE,TRUE
OSROUCKL2HR0STZ5XPXMQ7,FALSE,FALSE,TRUE
OSROUCKL2RUVWRWWFGA6UC,FALSE,FALSE,TRUE
OSROUCKL2UBUY4Y6ZUDHIH,TRUE,FALSE,FALSE
OSROUCKL2UU7MN0R3XNBL4,TRUE,FALSE,FALSE
OSROUCKL2UXP1CK1O9BGX8,FALSE,FALSE,TRUE
OSROUCKL2WM79N72T3YJ2E,FALSE,FALSE,TRUE
OSROUCKL32PI1N923I677M,FALSE,FALSE,TRUE
OSROUCKL32WTUZ0ZKHNX8V,FALSE,FALSE,TRUE
OSROUCKL33GMYR1SDIUZUH,FALSE,TRUE,FALSE
OSROUCKL34FJNV7JDM23IA,FALSE,FALSE,TRUE
OSROUCKL3D36P7HTUDDI4P,FALSE,FALSE,TRUE
OSROUCKL3DB2UQ7N2RM5CK,TRUE,FALSE,FALSE
OSROUCKL3E32XEAP9N32K1,FALSE,TRUE,FALSE
OSROUCKL3F3G0LFHKG37RQ,TRUE,FALSE,FALSE
OSROUCKL3ILXFPTRFPXB4A,FALSE,FALSE,TRUE
OSROUCKL3KAXKTCM6XO876,TRUE,FALSE,FALSE
OSROUCKL3N6CWCF8NK8AXM,FALSE,FALSE,TRUE
OSROUCKL3Q9N36OPT9UCZP,FALSE,FALSE,TRUE
OSROUCKL3R9MYP65PNGJDU,FALSE,FALSE,TRUE
OSROUCKL3TDAAW5PMNWPV8,FALSE,FALSE,TRUE
OSROUCKL3WYHSHK0J748NQ,FALSE,FALSE,TRUE
OSROUCKL46IEB6QQ0BNS7B,FALSE,FALSE,TRUE
OSROUCKL46VCK3EVGTKT13,FALSE,FALSE,TRUE
OSROUCKL4BXMOM1UH1A3KI,FALSE,TRUE,FALSE
OSROUCKL4J6RQJKFBQ7NPZ,FALSE,FALSE,TRUE
OSROUCKL4K75Y91L368788,FALSE,FALSE,TRUE
OSROUCKL50Y85SDISXOUUU,FALSE,FALSE,TRUE
OSROUCKL56GZBSRT6GWOY2,FALSE,TRUE,TRUE
OSROUCKL57G01CYPDNE4AZ,FALSE,FALSE,TRUE
OSROUCKL58DXVL6BBDTJ0U,FALSE,FALSE,TRUE
OSROUCKL58F2P97ZQV02AQ,TRUE,FALSE,FALSE
OSROUCKL5AVZTM9I7V47FK,TRUE,TRUE,FALSE
OSROUCKL5D0KGH9TEHSYFC,FALSE,FALSE,TRUE
OSROUCKL5GMPHGQ7QYF3JE,FALSE,FALSE,TRUE
OSROUCKL5N8L4BSEIRD4UO,FALSE,FALSE,TRUE
OSROUCKL5NZWB7IMP55N99,FALSE,FALSE,TRUE
OSROUCKL5R0K2T0VJC5DTG,FALSE,FALSE,TRUE
OSROUCKL5SDDU59XZ6YQMH,FALSE,FALSE,TRUE
OSROUCKL5SY3KAVTPTA9OG,FALSE,FALSE,TRUE
OSROUCKL5SZG6PMSJEVN3S,FALSE,FALSE,TRUE
OSROUCKL5UL5IZY25FXAID,FALSE,FALSE,TRUE
OSROUCKL5W0JJMGL0QC946,FALSE,FALSE,TRUE
OSROUCKL5WQ6TZCQ945NCC,FALSE,FALSE,TRUE
OSROUCKL61NXDX40F8X9SR,FALSE,FALSE,TRUE
OSROUCKL62P1ZJL836DBK4,FALSE,FALSE,TRUE
OSROUCKL63VE43EDM9EPY3,FALSE,FALSE,TRUE
OSROUCKL64HCUE7X2I3JH0,FALSE,FALSE,TRUE
OSROUCKL64XJI6SSARTCNT,FALSE,FALSE,TRUE
OSROUCKL650I9RO5WA4TUY,TRUE,FALSE,FALSE
OSROUCKL6648ZA25G6EHLW,FALSE,FALSE,TRUE
OSROUCKL69JT7U2SG0XOFI,FALSE,FALSE,TRUE
OSROUCKL6A21D57EF7GLCV,FALSE,FALSE,TRUE
OSROUCKL6A6U40V31SX21D,FALSE,FALSE,TRUE
OSROUCKL6BSOD3M1AEHXWG,FALSE,TRUE,FALSE
OSROUCKL6DLZM9DC4GZPTU,FALSE,FALSE,TRUE
OSROUCKL6DYNFOKO1QN9J9,FALSE,FALSE,TRUE
OSROUCKL6K58JYJALN9HJA,FALSE,FALSE,TRUE
OSROUCKL6LNCWHBUEHXGTU,FALSE,FALSE,TRUE
OSROUCKL6M2IACEX3Q8AAO,FALSE,FALSE,TRUE
OSROUCKL6N2D1T7A5NMALH,FALSE,FALSE,TRUE
OSROUCKL6NQ8WEKQRMYYB5,FALSE,FALSE,TRUE
OSROUCKL6NQV1WGPA9JR5J,FALSE,TRUE,FALSE
OSROUCKL6U22ZFHJU285LL,FALSE,FALSE,TRUE
OSROUCKL6UZY7CL470DOMN,TRUE,FALSE,FALSE
OSROUCKL6VXI9U1X1I0VXF,FALSE,FALSE,TRUE
OSROUCKL6XYX3U86YZI4D1,FALSE,FALSE,TRUE
OSROUCKL759HW84STSFDA9,FALSE,FALSE,TRUE
OSROUCKL76JMDHTO34DSIF,FALSE,FALSE,TRUE
OSROUCKL76MHABQ0OMZ2B3,TRUE,FALSE,FALSE
OSROUCKL774NGUMUU3A1OH,FALSE,FALSE,TRUE
OSROUCKL78L4BS18IWMTOK,FALSE,FALSE,TRUE
OSROUCKL79I0PMMDIEY130,FALSE,FALSE,TRUE
OSROUCKL7A5P5U2OH58XOQ,FALSE,TRUE,FALSE
OSROUCKL7A5XTJEPJ26PBH,FALSE,FALSE,TRUE
OSROUCKL7CVEYUOUZ6DW7X,FALSE,FALSE,TRUE
OSROUCKL7LJL7Y56XKFT6O,FALSE,FALSE,TRUE
OSROUCKL7MU64IBTUVS1FJ,FALSE,FALSE,TRUE
OSROUCKL7RIBPZZIKONCC7,FALSE,FALSE,TRUE
OSROUCKL7TUGG63WLMT3RV,FALSE,FALSE,TRUE
OSROUCKL7UDE7LHF5Y2KBA,FALSE,TRUE,FALSE
OSROUCKL7Y4SL670315Y3H,TRUE,FALSE,FALSE
OSROUCKL7YLMS53UAKTYX2,FALSE,FALSE,TRUE
OSROUCKL83HR9IOEY5IIZ2,FALSE,FALSE,TRUE
OSROUCKL8A813YVFTRT99N,FALSE,FALSE,TRUE
OSROUCKL8B0NPDQ55Y7FDJ,FALSE,FALSE,TRUE
OSROUCKL8BGAQNOMQ41VEH,FALSE,FALSE,TRUE
OSROUCKL8E35D3XENU0DVN,FALSE,FALSE,TRUE
OSROUCKL8GT24IPWETB422,FALSE,FALSE,TRUE
OSROUCKL8HJ90UUAB04FGY,FALSE,FALSE,TRUE
OSROUCKL8HXHHTERWX30R8,FALSE,TRUE,FALSE
OSROUCKL8P9BUUYWSSRAA9,FALSE,TRUE,TRUE
OSROUCKL8R9F8DJ789W7TX,FALSE,FALSE,TRUE
OSROUCKL8S0RORMVEHC3V2,FALSE,FALSE,TRUE
OSROUCKL8WJ5OMIG8F4938,FALSE,FALSE,TRUE
OSROUCKL8Z72IPX9LPVWB5,FALSE,FALSE,TRUE
OSROUCKL8ZJ6N1BDZ5OYN8,FALSE,FALSE,TRUE
OSROUCKL90DRQOOD9WSJVP,FALSE,FALSE,TRUE
OSROUCKL9AIFW8ZK8TYRDK,FALSE,FALSE,TRUE
OSROUCKL9ANSG3LDTNWHN5,TRUE,FALSE,FALSE
OSROUCKL9BNG2AHOG0WF82,FALSE,FALSE,TRUE
OSROUCKL9C2NHM9CJDWL6Q,FALSE,FALSE,TRUE
OSROUCKL9FZ6PHYKDM5OP0,FALSE,FALSE,TRUE
OSROUCKL9HMJIIOKS2PO92,FALSE,FALSE,TRUE
OSROUCKL9J3ZPJYMX080QA,FALSE,FALSE,TRUE
OSROUCKL9LLMJNGTNXLHOQ,FALSE,FALSE,TRUE
OSROUCKL9QT94O9UFHSYY6,FALSE,FALSE,TRUE
OSROUCKL9TPHK5FXZXZQKW,FALSE,TRUE,FALSE
OSROUCKL9VDEA26R4QURQ7,FALSE,FALSE,TRUE
OSROUCKL9WKIT9LT0H2H3Z,FALSE,TRUE,FALSE
OSROUCKL9WRF49ESWJT8TP,FALSE,FALSE,TRUE
OSROUCKL9ZC7C01995F7PB,TRUE,FALSE,FALSE
OSROUCKLA0JVXHUAJ0IXW2,FALSE,FALSE,TRUE
OSROUCKLA6X45SQLV8DY19,TRUE,FALSE,FALSE
OSROUCKLAF0ZPNGG2B26W3,FALSE,FALSE,TRUE
OSROUCKLAFBAFXBNWWDW0K,TRUE,FALSE,FALSE
OSROUCKLAGTFS7SXDKLPWU,FALSE,FALSE,TRUE
OSROUCKLAHEFBA5YQBUSML,FALSE,FALSE,TRUE
OSROUCKLAHP779QEW86E03,FALSE,TRUE,TRUE
OSROUCKLAJIZG4XT7NSW6J,FALSE,FALSE,TRUE
OSROUCKLAK22D2THM63K6J,FALSE,FALSE,TRUE
OSROUCKLAKKWX3ELS4IHAT,FALSE,FALSE,TRUE
OSROUCKLAKXWU68AXDHT5J,FALSE,FALSE,TRUE
OSROUCKLANSLKPX5RLH5JK,FALSE,TRUE,FALSE
OSROUCKLAP96KBHHJ2L1WF,FALSE,TRUE,FALSE
OSROUCKLAVP5DHIS9187Y0,FALSE,FALSE,TRUE
OSROUCKLAXNPBNLE6CLGL3,FALSE,FALSE,TRUE
OSROUCKLAYOR2EQ1BZ5JNS,FALSE,FALSE,TRUE
OSROUCKLAZTI9DNRDWAKP3,FALSE,FALSE,TRUE
OSROUCKLB3H53VGDAAXR0T,FALSE,FALSE,TRUE
OSROUCKLB7VPHJBQ1MSBN9,FALSE,FALSE,TRUE
OSROUCKLB8RK9VLNINADCM,FALSE,FALSE,TRUE
OSROUCKLBA0FNRZ9VHDD4Z,FALSE,FALSE,TRUE
OSROUCKLBAW4D4W8N28LGV,FALSE,FALSE,TRUE
OSROUCKLBBMABMRMV5Y21C,FALSE,TRUE,TRUE
OSROUCKLBD64H3DZBYFXPU,FALSE,FALSE,TRUE
OSROUCKLBHCPFBCC6RQ7M9,FALSE,FALSE,TRUE
OSROUCKLBHYKLNU4073FW9,TRUE,FALSE,FALSE
OSROUCKLBIKI4QF5W8COJ1,FALSE,FALSE,TRUE
OSROUCKLBIR5QHJR8T8WZD,FALSE,FALSE,TRUE
OSROUCKLBJE6TCUG35H9JN,FALSE,FALSE,TRUE
OSROUCKLBL7N6FOV8URHTE,FALSE,FALSE,TRUE
OSROUCKLBMVS7X8QBH8AYO,FALSE,FALSE,TRUE
OSROUCKLBWCBABDRLX224Z,FALSE,FALSE,TRUE
OSROUCKLC0OI0EUTWIEWZS,TRUE,FALSE,FALSE
OSROUCKLC5QQI20D44YAJP,TRUE,FALSE,FALSE
OSROUCKLCAH7AKUQGVKPYI,FALSE,FALSE,TRUE
OSROUCKLCAOTH7H5UPEDO9,FALSE,FALSE,TRUE
OSROUCKLCAWIP0YJRMIPB1,FALSE,FALSE,TRUE
OSROUCKLCD19GG8IYA4KN3,TRUE,FALSE,FALSE
OSROUCKLCDDTOWKG0EPSJT,FALSE,TRUE,FALSE
OSROUCKLCDU2DJ2CI5FPM0,FALSE,FALSE,TRUE
OSROUCKLCELRWYUESTL2HG,FALSE,FALSE,TRUE
OSROUCKLCF3ZEFMTLHT3OW,TRUE,FALSE,FALSE
OSROUCKLCG0C7MTYW8CTKZ,FALSE,FALSE,TRUE
OSROUCKLCIFCQUZ1XAW8G4,TRUE,FALSE,FALSE
OSROUCKLCNSAFOL7USBWLJ,FALSE,FALSE,TRUE
OSROUCKLCQ63QEURXVTZT1,FALSE,FALSE,TRUE
OSROUCKLCW2DWRACSTWUUF,FALSE,TRUE,FALSE
OSROUCKLCXPO37R14UT8IJ,TRUE,FALSE,FALSE
OSROUCKLDB2X6I4BF6NAUO,FALSE,FALSE,TRUE
OSROUCKLDG0G9Q6YSY9J0Q,FALSE,FALSE,TRUE
OSROUCKLDJYJYTLP2L5FGU,FALSE,FALSE,TRUE
OSROUCKLDKFRQE8JWFDNCS,TRUE,TRUE,FALSE
OSROUCKLDMNFR2ALDZQMN9,FALSE,FALSE,TRUE
OSROUCKLDNMMRBPMWKRXW1,FALSE,FALSE,TRUE
OSROUCKLDTE4LONMKRF2M9,TRUE,FALSE,FALSE
OSROUCKLDWBDKD16DECDUD,FALSE,FALSE,TRUE
OSROUCKLDWWXJSUL7KBC7L,FALSE,FALSE,TRUE
OSROUCKLE26JOY5C5J0WET,FALSE,FALSE,TRUE
OSROUCKLE3W1Q3WBJG2CN0,FALSE,FALSE,TRUE
OSROUCKLE90HN9ND1EOIHS,FALSE,FALSE,TRUE
OSROUCKLEAX4YU0V8XCP4M,FALSE,FALSE,TRUE
OSROUCKLECSN41WYXUY7TS,FALSE,TRUE,FALSE
OSROUCKLEFQZLBX857182U,TRUE,FALSE,FALSE
OSROUCKLEGP6B00T2PO6N7,FALSE,FALSE,TRUE
OSROUCKLEIRNSR01C0W4ZG,FALSE,FALSE,TRUE
OSROUCKLEPSJFO8LPBGXNI,FALSE,FALSE,TRUE
OSROUCKLERBZIFXR7W24HE,FALSE,FALSE,TRUE
OSROUCKLEUC7MBYA4XS40B,FALSE,FALSE,TRUE
OSROUCKLEWVC778LVSWHO3,FALSE,FALSE,TRUE
OSROUCKLEWZXE1G26OH5F1,FALSE,FALSE,TRUE
OSROUCKLEZUZUP2TSE2RTA,FALSE,FALSE,TRUE
OSROUCKLF1ZP1X52HL17AF,FALSE,FALSE,TRUE
OSROUCKLF2DG93LEP92KVS,FALSE,FALSE,TRUE
OSROUCKLF45SGUZ2SDM7YV,TRUE,FALSE,FALSE
OSROUCKLF526TCE3CO0IDY,FALSE,FALSE,TRUE
OSROUCKLFGK2WHA5J68J31,TRUE,FALSE,FALSE
OSROUCKLFH6EUJN5LXV3C3,FALSE,FALSE,TRUE
OSROUCKLFL7FTRT68FSSC6,FALSE,FALSE,TRUE
OSROUCKLFRAK3W1EC7ZBO8,FALSE,FALSE,TRUE
OSROUCKLFTFPQLBYJ8NPST,TRUE,FALSE,FALSE
OSROUCKLFWYSUJWR1Z306X,FALSE,FALSE,TRUE
OSROUCKLFXPWSWMCTF45S6,FALSE,FALSE,TRUE
OSROUCKLFYE2QLBC8GOW4H,FALSE,FALSE,TRUE
OSROUCKLFYOPAVMGKAFJFW,TRUE,TRUE,FALSE
OSROUCKLG2V0FW1WAPET74,FALSE,FALSE,TRUE
OSROUCKLG5LA8FB946GPQH,FALSE,FALSE,TRUE
OSROUCKLGAUGHKZYEVSG6L,FALSE,FALSE,TRUE
OSROUCKLGH2E096ASEPFLB,FALSE,FALSE,TRUE
OSROUCKLGK3AFGKP396289,FALSE,FALSE,TRUE
OSROUCKLGKHL9ZORBS1M05,FALSE,FALSE,TRUE
OSROUCKLGP1JMIQ325ESFY,FALSE,FALSE,TRUE
OSROUCKLGQIAQ9NQZC92QJ,FALSE,TRUE,FALSE
OSROUCKLGUF4VX8641W62V,FALSE,FALSE,TRUE
OSROUCKLGY6X59O6M4GJQP,FALSE,FALSE,TRUE
OSROUCKLH2GDH8R2R7RKOJ,FALSE,TRUE,FALSE
OSROUCKLH4C7BHCMCCIR76,FALSE,FALSE,TRUE
OSROUCKLHCFGLGAQ1KVWYH,FALSE,FALSE,TRUE
OSROUCKLHDFM02FQDLZHLE,FALSE,FALSE,TRUE
OSROUCKLHE1TXY890B7KGH,FALSE,FALSE,TRUE
OSROUCKLHF1GFN4HG3G7K6,FALSE,FALSE,TRUE
OSROUCKLHFR8M7XL8VX7Q8,FALSE,FALSE,TRUE
OSROUCKLHKL8C08K0WSXGE,FALSE,FALSE,TRUE
OSROUCKLHL4RTIPFAC8N59,FALSE,FALSE,TRUE
OSROUCKLHM8OU1G5PMJ2TB,FALSE,FALSE,TRUE
OSROUCKLHNH15AE3ABCDQW,FALSE,FALSE,TRUE
OSROUCKLHO0R7ZMM95J8HH,TRUE,FALSE,FALSE
OSROUCKLHTMKVDPJYDPK8P,FALSE,TRUE,FALSE
OSROUCKLHV9XH6T0XFNCI1,FALSE,FALSE,TRUE
OSROUCKLHXPT5C3TJZ8PGK,FALSE,FALSE,TRUE
OSROUCKLHXU8R6Z3ILPOU9,TRUE,FALSE,FALSE
OSROUCKLI2YIF0B8INUNB9,FALSE,FALSE,TRUE
OSROUCKLI5E3HT4X8NTWXT,FALSE,FALSE,TRUE
OSROUCKLIACIL0VRBY0JTC,FALSE,FALSE,TRUE
OSROUCKLIF9TG4H3DO14E9,FALSE,FALSE,TRUE
OSROUCKLIISP7VMURWOZIA,FALSE,FALSE,TRUE
OSROUCKLIJ6CHFQYTSM73F,TRUE,FALSE,FALSE
OSROUCKLILDY6B6MHF5NXY,FALSE,FALSE,TRUE
OSROUCKLIM4LQTMVWQ25RE,FALSE,FALSE,TRUE
OSROUCKLIN8LQ3MOQNV4S7,FALSE,FALSE,TRUE
OSROUCKLIO1QMA1DWD6OPC,FALSE,FALSE,TRUE
OSROUCKLIOWP2ZWTX0GJNQ,TRUE,FALSE,FALSE
OSROUCKLIOXKMWPSN1GIO9,FALSE,FALSE,TRUE
OSROUCKLISY7B5Q316WDA1,FALSE,FALSE,TRUE
OSROUCKLITV09YERSBJCZ6,FALSE,TRUE,FALSE
OSROUCKLIZK0T5XYDDGBA2,TRUE,FALSE,FALSE
OSROUCKLJ13YLJB2PVH0EQ,FALSE,FALSE,TRUE
OSROUCKLJ50FR0P01SWUI6,TRUE,TRUE,FALSE
OSROUCKLJ62WPZL4JI3D22,TRUE,FALSE,FALSE
OSROUCKLJ6DPOYUAZIFWB1,FALSE,FALSE,TRUE
OSROUCKLJ93PE3U2AKSHRI,TRUE,FALSE,FALSE
OSROUCKLJEA2RB4RYDZ95S,TRUE,FALSE,FALSE
OSROUCKLJF7CQ6UAMK9X4M,FALSE,FALSE,TRUE
OSROUCKLJGJMPGYCQ224QX,FALSE,TRUE,FALSE
OSROUCKLJIYOFJLTRPG3Y7,FALSE,FALSE,TRUE
OSROUCKLJKPGJGFYKUV9TO,TRUE,FALSE,FALSE
OSROUCKLJOFKZE267CZEIK,FALSE,FALSE,TRUE
OSROUCKLJQYCSNWECRU6UZ,FALSE,FALSE,TRUE
OSROUCKLJSZJ1971AV4JUT,FALSE,FALSE,TRUE
OSROUCKLK57LVZS7XB3NWG,FALSE,FALSE,TRUE
OSROUCKLK5PI7BJ575NJOD,FALSE,TRUE,FALSE
OSROUCKLKCMMG145PY5U4R,FALSE,FALSE,TRUE
OSROUCKLKF89YZ1CZFEKNM,FALSE,FALSE,TRUE
OSROUCKLKH0TZOXIRGXUZE,FALSE,FALSE,TRUE
OSROUCKLKIJQZZ56ON9Z1W,FALSE,FALSE,TRUE
OSROUCKLKKI3SQN56MABIR,FALSE,TRUE,FALSE
OSROUCKLKM6GMM95ZHGE2K,FALSE,FALSE,TRUE
OSROUCKLKV6XQ0YZX12TJ7,FALSE,FALSE,TRUE
OSROUCKLL4SNEO0UIR4A3U,FALSE,FALSE,TRUE
OSROUCKLL6RJ0NFEHMQWB0,FALSE,FALSE,TRUE
OSROUCKLLFE93GHJH1EMFK,FALSE,FALSE,TRUE
OSROUCKLLGZ6YRPUNDEMFY,FALSE,FALSE,TRUE
OSROUCKLLL8UQXT6S3PUW9,FALSE,TRUE,FALSE
OSROUCKLLMKBQBGEUZ4TI4,TRUE,FALSE,FALSE
OSROUCKLLT175MZE6QAQ6G,FALSE,FALSE,TRUE
OSROUCKLLVCVH3NVLT26Q2,FALSE,FALSE,TRUE
OSROUCKLM24Z9RPHL4BQCF,FALSE,FALSE,TRUE
OSROUCKLM5ZRQ0U8NZPGGA,FALSE,FALSE,TRUE
OSROUCKLM775L4DUJSCPTD,FALSE,FALSE,TRUE
OSROUCKLM9Z5HG1X5HT48Q,FALSE,FALSE,TRUE
OSROUCKLMA2FC9VTY7E4KS,FALSE,FALSE,TRUE
OSROUCKLMEKGCXS6PMGAJ3,FALSE,FALSE,TRUE
OSROUCKLMH482EZKEVG22W,FALSE,FALSE,TRUE
OSROUCKLMHHWZCZFPO6WX0,TRUE,FALSE,FALSE
OSROUCKLMHKR1ARYUKD1SF,FALSE,FALSE,TRUE
OSROUCKLMKX8ZIRNXN9WQG,FALSE,FALSE,TRUE
OSROUCKLMUJD0KQXEKW2YW,FALSE,FALSE,TRUE
OSROUCKLMXPJAFWA3YR3XJ,FALSE,FALSE,TRUE
OSROUCKLMZRBVFMU99K0QA,FALSE,FALSE,TRUE
OSROUCKLN02NF4SE1IPRF2,TRUE,FALSE,FALSE
OSROUCKLN0GZ9ZUQRW3R91,FALSE,FALSE,TRUE
OSROUCKLN37A58L7KSCJK9,FALSE,FALSE,TRUE
OSROUCKLN5IXMJ25H896Y2,FALSE,FALSE,TRUE
OSROUCKLN63FWAMIHTY0E8,FALSE,FALSE,TRUE
OSROUCKLN6APL71DJD69WG,FALSE,FALSE,TRUE
OSROUCKLNAPQVLS2UIHWAU,FALSE,FALSE,TRUE
OSROUCKLNCLFBALA8E24QL,FALSE,FALSE,TRUE
OSROUCKLND42YBMDYDPG32,FALSE,FALSE,TRUE
OSROUCKLNHVTD8V9NZ287A,FALSE,FALSE,TRUE
OSROUCKLNIXPZWAOEAM887,FALSE,TRUE,TRUE
OSROUCKLNNWEEY7XT1Y5JV,FALSE,FALSE,TRUE
OSROUCKLNPWP84V5OJNT66,FALSE,FALSE,TRUE
OSROUCKLNQ5QNY27Q070SJ,TRUE,FALSE,FALSE
OSROUCKLO0A79C681CP2NV,FALSE,FALSE,TRUE
OSROUCKLO0HQ6JP5Z7O7OW,FALSE,FALSE,TRUE
OSROUCKLO0LUYMEHTNM8YB,FALSE,FALSE,TRUE
OSROUCKLO3KGA0SIAW24RF,FALSE,FALSE,TRUE
OSROUCKLO5MG2I8JKXKR1Y,FALSE,FALSE,TRUE
OSROUCKLO92643ZLM0CPNR,FALSE,FALSE,TRUE
OSROUCKLOB7QBKK6C7RI5F,FALSE,FALSE,TRUE
OSROUCKLOB8RE53FCYCCQJ,FALSE,FALSE,TRUE
OSROUCKLOE8AKAD3W775X2,FALSE,TRUE,FALSE
OSROUCKLOHJ6AW159AKV7Z,FALSE,TRUE,FALSE
OSROUCKLOIKN6WCR9DYY6H,FALSE,FALSE,TRUE
OSROUCKLOIX5YPDDR15VTH,TRUE,FALSE,FALSE
OSROUCKLOM6GEPVK8JNZ9L,FALSE,TRUE,FALSE
OSROUCKLORZ96FBW6LXA3E,FALSE,FALSE,TRUE
OSROUCKLOSKADISSFPIGEZ,FALSE,FALSE,TRUE
OSROUCKLOTGU4OTNPHDULY,FALSE,FALSE,TRUE
OSROUCKLOTMGS4AU7YILSU,FALSE,FALSE,TRUE
OSROUCKLOWFFN70M7QCLS8,FALSE,FALSE,TRUE
OSROUCKLOZQL8C8H6PQGZL,FALSE,TRUE,FALSE
OSROUCKLP1LTYUEA9TYAC1,FALSE,TRUE,FALSE
OSROUCKLP5M14OOMPDAHU7,FALSE,FALSE,TRUE
OSROUCKLPB5N6MDU41380Q,FALSE,FALSE,TRUE
OSROUCKLPIXV684AJCBXX5,FALSE,FALSE,TRUE
OSROUCKLPMKPWWPIL0XKUW,TRUE,TRUE,FALSE
OSROUCKLPMRQABN9IF5IPN,FALSE,FALSE,TRUE
OSROUCKLPNKVKLTC4GILJ7,FALSE,TRUE,FALSE
OSROUCKLPPLFB8KQAUJE0N,FALSE,TRUE,FALSE
OSROUCKLPQCYV00WFXM65Z,FALSE,FALSE,TRUE
OSROUCKLPSL1QLV66AWWYX,FALSE,FALSE,TRUE
OSROUCKLPTKXFN5HRJFGZ5,FALSE,TRUE,FALSE
OSROUCKLPVQRCOXGY7BBSF,FALSE,FALSE,TRUE
OSROUCKLPXAZK09A09QMZO,TRUE,FALSE,FALSE
OSROUCKLQ19NGSEHRU6WHN,TRUE,FALSE,FALSE
OSROUCKLQ2GS03HHAC2BB7,FALSE,FALSE,TRUE
OSROUCKLQ7OLAD3HZEKMIU,FALSE,TRUE,FALSE
OSROUCKLQ9L34PCYSF6XSM,FALSE,FALSE,TRUE
OSROUCKLQDGLUDSKSMRZGB,FALSE,FALSE,TRUE
OSROUCKLQGOKOHS5A217Z8,FALSE,FALSE,TRUE
OSROUCKLQI6CEVB45M3PL4,FALSE,FALSE,TRUE
OSROUCKLQL286BQ9EVL0FT,TRUE,FALSE,FALSE
OSROUCKLQL28BIY1J532IQ,FALSE,FALSE,TRUE
OSROUCKLQSX4I8KBOYBCJI,FALSE,FALSE,TRUE
OSROUCKLQTUY505LJY23E2,FALSE,FALSE,TRUE
OSROUCKLQU6LLTZZPUAJPZ,FALSE,FALSE,TRUE
OSROUCKLQVSTK2ZJS9WR17,TRUE,FALSE,FALSE
OSROUCKLQYXQQHVZS2P9BY,FALSE,FALSE,TRUE
OSROUCKLQZ4Z9AYXC84SHC,FALSE,FALSE,TRUE
OSROUCKLQZTCUQ4AH9NW9I,FALSE,FALSE,TRUE
OSROUCKLR6J2H9N7Y97HXV,FALSE,FALSE,TRUE
OSROUCKLR8O8IIPO1W9WQP,FALSE,FALSE,TRUE
OSROUCKLRFU6TPRR18BOFX,FALSE,FALSE,TRUE
OSROUCKLRJ15L0466RAJH2,FALSE,FALSE,TRUE
OSROUCKLRL4MLD666XZNB5,FALSE,FALSE,TRUE
OSROUCKLRNJ3MHNLHM265L,TRUE,FALSE,FALSE
OSROUCKLRQ3NDUGWPB1ICR,FALSE,FALSE,TRUE
OSROUCKLRQE11GLNYHJV53,FALSE,TRUE,FALSE
OSROUCKLRU59ZFZITE4VDU,FALSE,FALSE,TRUE
OSROUCKLRW9M71NUQTW5ZR,FALSE,FALSE,TRUE
OSROUCKLS0QKW24X0J09J9,FALSE,TRUE,FALSE
OSROUCKLSA7S2WZBCTLRFU,FALSE,FALSE,TRUE
OSROUCKLSAGIOQT2J5CB93,FALSE,FALSE,TRUE
OSROUCKLSGAYY7JXRS83S1,FALSE,FALSE,TRUE
OSROUCKLSH3IT33ZKV2M0L,FALSE,TRUE,FALSE
OSROUCKLSHLFWT23740FEU,FALSE,FALSE,TRUE
OSROUCKLSLYHU7F85GCOCN,FALSE,FALSE,TRUE
OSROUCKLSNSXC2OVA0514F,FALSE,FALSE,TRUE
OSROUCKLSODY8P95D8ZULU,FALSE,FALSE,TRUE
OSROUCKLSR8GOG62VYM6V3,FALSE,FALSE,TRUE
OSROUCKLSSTWBO9X9WNQOV,FALSE,FALSE,TRUE
OSROUCKLSTY7TQKJA01I75,TRUE,FALSE,FALSE
OSROUCKLSY19TKTJPR6XW5,FALSE,FALSE,TRUE
OSROUCKLSZGNO5L1LW06FR,TRUE,FALSE,FALSE
OSROUCKLT1O00DLCB7KRC1,FALSE,FALSE,TRUE
OSROUCKLT7HCNFILGN2PSS,FALSE,TRUE,FALSE
OSROUCKLT87EXFNY21TKYK,FALSE,FALSE,TRUE
OSROUCKLTACJSA743EBMFO,FALSE,FALSE,TRUE
OSROUCKLTG868JHM1SNGWS,FALSE,FALSE,TRUE
OSROUCKLTI2RKN5L72CTNM,TRUE,FALSE,FALSE
OSROUCKLTIZBTT35XVNH3V,FALSE,FALSE,TRUE
OSROUCKLTP19JAEK9DEIZ4,TRUE,FALSE,FALSE
OSROUCKLTPI2X54VSHGSIJ,FALSE,FALSE,TRUE
OSROUCKLTVDC4TOB5V6HTY,FALSE,TRUE,FALSE
OSROUCKLTWKB5CK7IVI7D1,TRUE,FALSE,FALSE
OSROUCKLU0MMXCAIPZ0DLQ,FALSE,FALSE,TRUE
OSROUCKLU0P9AK9ZTFUXJ7,FALSE,FALSE,TRUE
OSROUCKLU41SX18ZZBPH27,FALSE,FALSE,TRUE
OSROUCKLU48Z50CZCBL6PR,FALSE,TRUE,TRUE
OSROUCKLUCW2K47W4N989V,FALSE,FALSE,TRUE
OSROUCKLUJLC50TJ9TVCP5,FALSE,TRUE,FALSE
OSROUCKLUWWVOBBXBXI4D4,FALSE,FALSE,TRUE
OSROUCKLUXOJZFN4GY7CLN,FALSE,FALSE,TRUE
OSROUCKLV1VUDD0KUTZ6OK,FALSE,TRUE,FALSE
OSROUCKLV4N42GRGQ6729R,TRUE,FALSE,FALSE
OSROUCKLV8ZIJKTD4UIH1L,TRUE,FALSE,FALSE
OSROUCKLV9GNAMNWK0YPY3,FALSE,FALSE,TRUE
OSROUCKLVAFPNT9MMLEIYT,FALSE,FALSE,TRUE
OSROUCKLVAHTSOZRCN4MZ6,TRUE,TRUE,FALSE
OSROUCKLVBCFMS4GTXWWGH,TRUE,FALSE,FALSE
OSROUCKLVEAROF2NBWXE3M,FALSE,FALSE,TRUE
OSROUCKLVFQFS2NHTTD18L,FALSE,FALSE,TRUE
OSROUCKLVG8IKBV7RJCQDI,FALSE,FALSE,TRUE
OSROUCKLVI53M19IJ72UEX,FALSE,FALSE,TRUE
OSROUCKLVJDR05K2BVSZKC,FALSE,TRUE,FALSE
OSROUCKLVK5W2XSJMS0LLS,FALSE,TRUE,FALSE
OSROUCKLVMR6FCWRPLKGRP,FALSE,TRUE,FALSE
OSROUCKLVN6Q4PNG05KMMV,FALSE,FALSE,TRUE
OSROUCKLVNZ3XGTZZRJA2C,FALSE,FALSE,TRUE
OSROUCKLVO2B8M28ZIDS2Y,FALSE,TRUE,FALSE
OSROUCKLVSHZLOIZUMFA6S,FALSE,FALSE,TRUE
OSROUCKLVSX550RKQLN898,TRUE,FALSE,FALSE
OSROUCKLVUYOWD4T1F8AGK,FALSE,FALSE,TRUE
OSROUCKLW23EP0ZXNJV6O2,FALSE,FALSE,TRUE
OSROUCKLW5QFVSPIRAODEK,FALSE,FALSE,TRUE
OSROUCKLW604KJX8F6TWJO,FALSE,TRUE,FALSE
OSROUCKLWA97U18XOHM7N8,FALSE,FALSE,TRUE
OSROUCKLWAKNXMCCVHYZ82,FALSE,FALSE,TRUE
OSROUCKLWAQD6KJU2CK4XW,FALSE,FALSE,TRUE
OSROUCKLWFEJHKZ6F9Z1U8,FALSE,FALSE,TRUE
OSROUCKLWIXOTWGLZKV5GB,FALSE,FALSE,TRUE
OSROUCKLWR7T7CZG8MXPWR,FALSE,FALSE,TRUE
OSROUCKLWU5ZZFGR5ADICB,FALSE,FALSE,TRUE
OSROUCKLWXXG6N76SAAEZX,FALSE,FALSE,TRUE
OSROUCKLX1F9D5IYOF4M81,TRUE,FALSE,FALSE
OSROUCKLX4KYDC1MUSCFHJ,FALSE,TRUE,FALSE
OSROUCKLX7SNHZEVKBQ41A,FALSE,FALSE,TRUE
OSROUCKLXBDF6D2CZ0GO36,FALSE,FALSE,TRUE
OSROUCKLXD9ZWRMI4CP6WU,FALSE,FALSE,TRUE
OSROUCKLXETLYH2V781Z7C,FALSE,FALSE,TRUE
OSROUCKLXH4FB6UEZB360Z,TRUE,FALSE,FALSE
OSROUCKLXIXZR53YS2327Z,FALSE,FALSE,TRUE
OSROUCKLXJ7O1LV8FZWE50,FALSE,FALSE,TRUE
OSROUCKLXL688D9IU4UH72,FALSE,FALSE,TRUE
OSROUCKLXNTS2B4CH36IBE,FALSE,FALSE,TRUE
OSROUCKLXTRV1Q1CDUFSEI,FALSE,FALSE,TRUE
OSROUCKLXWWM6UUAZZBY4T,FALSE,FALSE,TRUE
OSROUCKLY1ECLGIMLNEG9X,FALSE,FALSE,TRUE
OSROUCKLY63QO5V3TDPH1T,FALSE,FALSE,TRUE
OSROUCKLY8O6W24RZ26I2P,TRUE,FALSE,FALSE
OSROUCKLY92P4JOA0VNRV3,TRUE,FALSE,FALSE
OSROUCKLYBYPTGD1C1NKZH,FALSE,TRUE,FALSE
OSROUCKLYCC1Y0PNAEBW37,FALSE,TRUE,FALSE
OSROUCKLYF1GAUOX83QN7K,FALSE,FALSE,TRUE
OSROUCKLYGU3AUYIQF78VQ,FALSE,TRUE,FALSE
OSROUCKLYGZ4JAXZ8Z5L94,FALSE,FALSE,TRUE
OSROUCKLYI87NH2C7749RV,FALSE,FALSE,TRUE
OSROUCKLYQ9K7OE4UOG445,TRUE,FALSE,FALSE
OSROUCKLYQIOFOP2UWJEJD,FALSE,TRUE,FALSE
OSROUCKLYRIHKZLYT6YX0Z,FALSE,FALSE,TRUE
OSROUCKLYSPYI13BO3SM5T,FALSE,FALSE,TRUE
OSROUCKLYTI70YWESVXGXI,TRUE,FALSE,FALSE
OSROUCKLYUNBGB2NI8851H,FALSE,FALSE,TRUE
OSROUCKLYUU9Z0CG4UH87O,FALSE,FALSE,TRUE
OSROUCKLYXF4Y38X3VAUM2,FALSE,FALSE,TRUE
OSROUCKLZ0Q4OMXEL93XPH,FALSE,TRUE,FALSE
OSROUCKLZ2OULSATA17K5D,FALSE,TRUE,FALSE
OSROUCKLZ33AK8DAR0K1B8,FALSE,FALSE,TRUE
OSROUCKLZ50MQEYC2O1IP8,FALSE,FALSE,TRUE
OSROUCKLZ5Q02B7L1IUD9B,FALSE,FALSE,TRUE
OSROUCKLZ67C9PADN5JDUL,FALSE,FALSE,TRUE
OSROUCKLZ69DSRWC2NOH93,FALSE,FALSE,TRUE
OSROUCKLZ6GXHH1Q0LX3KH,TRUE,FALSE,FALSE
OSROUCKLZ6RW7T6XA86V36,TRUE,FALSE,FALSE
OSROUCKLZ9OZ2LVC8VC7F9,TRUE,FALSE,FALSE
OSROUCKLZBDGQAONRA5Y9T,FALSE,TRUE,FALSE
OSROUCKLZD3K37QSPIM7U6,FALSE,FALSE,TRUE
OSROUCKLZDRVJH3C4054UF,FALSE,FALSE,TRUE
OSROUCKLZEZXXYB3GIE60M,FALSE,FALSE,TRUE
OSROUCKLZJF3K0K94NN5EF,FALSE,FALSE,TRUE
OSROUCKLZJLMQ75SCGHAC6,FALSE,TRUE,FALSE
OSROUCKLZKMFEC1REHBBHH,FALSE,FALSE,TRUE
OSROUCKLZL82RHFGHJXYXX,FALSE,FALSE,TRUE
OSROUCKLZLTO642WJMRM2R,FALSE,FALSE,TRUE
OSROUCKLZPS1548T73NIE5,FALSE,FALSE,TRUE
OSROUCKLZQY3Q98XMI4ZWP,FALSE,FALSE,TRUE
OSROUCKLZTYB6Y5TJHBTPB,FALSE,FALSE,TRUE
OSROUCKLZUC6C8NTTU6F8U,TRUE,FALSE,FALSE
OSROUCKLZWCJP76RKTIVG9,FALSE,FALSE,TRUE
OSROUCKLZYHO7PI2EP23OO,FALSE,FALSE,TRUE
OSROUCKLZYKGQEJWKFAF5E,FALSE,FALSE,TRUE
OSROUCKLZZLEUILAERKV5Y,FALSE,FALSE,TRUE
OSROUXERDZSYZQNOTJ,FALSE,FALSE,TRUE
OSROV30DSPY4TZ8AM6,FALSE,FALSE,TRUE
OSROVCEH19438D4ESV,FALSE,FALSE,TRUE
OSROVCXD0L21R8G2AY,FALSE,FALSE,TRUE
OSROVJMHP7CUM69OUA,FALSE,FALSE,TRUE
OSROVQTFDHIWEBYZPF,FALSE,FALSE,TRUE
OSROVV7E3TDAZEE3TW,FALSE,FALSE,TRUE
OSROVX2AJ13XVHOQC9,FALSE,FALSE,TRUE
OSROVX6Q23NEBICY1I,FALSE,FALSE,TRUE
OSROVXJ55VC5PLYVA7,FALSE,FALSE,TRUE
OSROVY8LANTBV6KVOY,FALSE,TRUE,FALSE
OSROVYTMZ5HRAJ30MO,FALSE,FALSE,TRUE
OSROW0QPD0BP3DNY0Z,FALSE,FALSE,TRUE
OSROW66ZNJZ98ZQB69,FALSE,FALSE,TRUE
OSROW7165Y8MJ9RXF8,FALSE,FALSE,TRUE
OSROW9K4FLJENFGHI4,FALSE,FALSE,TRUE
OSROWBF4IQ434CF9KJ,FALSE,FALSE,TRUE
OSROWCCJYNWHX9ZDSH,FALSE,FALSE,TRUE
OSROWEKXHIKFJI52OZ,FALSE,TRUE,FALSE
OSROWHMIQS4O4TX69Y,FALSE,FALSE,TRUE
OSROWKJLVKA2K9CSWY,FALSE,FALSE,TRUE
OSROWKZ8A2DWE7GYE1,FALSE,FALSE,TRUE
OSROWM5WHVO5UEDPRN,FALSE,FALSE,TRUE
OSROWQRHBA1DC189AA,FALSE,FALSE,TRUE
OSROWS5H12SZS4U9TG,FALSE,FALSE,TRUE
OSROWXFL48H1SGS91Q,FALSE,FALSE,TRUE
OSROWZ30W59NC0B3BV,FALSE,FALSE,TRUE
OSROXFME39TNPAEVJP,FALSE,FALSE,TRUE
OSROXH1OBTV0U4FI4J,FALSE,FALSE,TRUE
OSROXI44BR0POD3ZHS,FALSE,FALSE,TRUE
OSROXIEC4JMZ0QSDW3,FALSE,FALSE,TRUE
OSROXK4F82TDRDBTV3,FALSE,FALSE,TRUE
OSROXOAS7KBG25N7Y6,FALSE,FALSE,TRUE
OSROXOM2AVH6884T0O,FALSE,FALSE,TRUE
OSROXQ2E97NJKX989K,FALSE,FALSE,TRUE
OSROXUJ8C3H0YSRFJL,FALSE,FALSE,TRUE
OSROXWZGW4PK1Q4BKL,FALSE,FALSE,TRUE
OSROXXMLOYD6OU44XT,FALSE,FALSE,TRUE
OSROY40U1Q7UFJ319E,FALSE,FALSE,TRUE
OSROY7DMS5LOMKKC34,FALSE,FALSE,TRUE
OSROY8ELV9S5GA2UW5,FALSE,FALSE,TRUE
OSROYAHTV5GQCQV0OF,FALSE,FALSE,TRUE
OSROYBXMF53F2JONM8,FALSE,FALSE,TRUE
OSROYJ94ILDSD5TLIW,FALSE,FALSE,TRUE
OSROYJTAU1GOFY5F49,FALSE,TRUE,TRUE
OSROYNBWONKPIWBDTT,FALSE,FALSE,TRUE
OSROYQAB0KYBO7ACJC,FALSE,FALSE,TRUE
OSROYTRA4SFEY0DFE4,FALSE,FALSE,TRUE
OSROZ0C70FUCMT0QKR,FALSE,FALSE,TRUE
OSROZ17ZB4NAWQGK0Q,FALSE,FALSE,TRUE
OSROZ5UYPW5WYATZDD,FALSE,FALSE,TRUE
OSROZ7WFQC9YHFOWBS,FALSE,FALSE,TRUE
OSROZDVDB0VV6VDE8E,FALSE,FALSE,TRUE
OSROZKWIVI8OCFALSP,FALSE,FALSE,TRUE
OSROZPVFUASS4FU1BV,FALSE,FALSE,TRUE
OSROZQ8LBZ56ZB4PPE,FALSE,FALSE,TRUE
OSROZZO45PHCSA4SVJ,FALSE,FALSE,TRUE
